Jhunjhunu,14
Ajmer,1
Alwar,2
Anupgarh,51
Balotra,44
Banswara,19
Baran,3
Barmer,20
Beawar,37
Bharatpur,4
Bhilwara,5
Bikaner,21
Bundi,6
Chittorgarh,7
Churu,8
Dausa,10
Deedwana Kuchaman,49
Deeg,40
Dholpur,22
Dudu,36
Dungarpur,23
Ganganagar,11
Gangapur City,48
Hanumangarh,12
Jaipur,13
Jaipur Rural,43
Jaisalmer,24
Jalore,25
Jhalawar,26
Jodhpur,15
Jodhpur Rural,45
Karauli,33
Kekri,38
Khairthal Tijara,41
Kota,16
Kotputli- Behror,42
Nagaur,17
Neem Ka Thana,50
Pali,27
Phalodi,46
Pratapgarh,35
Rajsamand,28
Sanchore,47
Shahpura,39
Sikar,29
Sirohi,30
Swai Madhopur,18
Tonk,31
Udaipur,32
